X,Y
-11.840403265773237,0.6638591921389616
10.781713286766653,-0.9772187629799438
-4.182566422681765,0.8628967599285297
-10.619351956238809,0.9300592205050602
-2.4302442492683873,-0.6528557565623317
-6.333519417322195,-0.050312859066824235
-11.056138847807764,0.9981665275655434
-9.55599938824219,0.13084516655691897
0.5085322918963904,0.4868957873489638
1.420787985149028,0.9887698313416611
4.44614449910442,-0.9647658124485992
4.0839266380805626,-0.8089324556798274
-12.483641884858507,0.08263439529515935
6.448551200429989,0.16461324380584622
-12.43014753257773,0.13580216340182175
-9.700497340334294,0.27223921565261805
-1.8268611338794951,-0.9673941544660541
6.264339835980852,-0.018844355718087742
-11.553491153892884,0.8483598037596042
-4.115034733778661,0.8268266292296368
2.55802817248183,0.5510020043289281
0.02589512085067014,0.02589222692071528
-3.289856479026911,0.14772122891622178
-9.994702473006896,0.5395684939756615
4.061997494591232,-0.795846815670519
-11.937990628117511,0.5878349697455478
1.5014029381852687,0.9975932448404519
-7.362035919628256,-0.8814154854763342
-5.52102738679358,0.690483978278505
11.854680695891798,-0.6531144093895558
-10.091048716091066,0.6180586129320165
-2.1017370738682644,-0.8623311097793993
11.333494379803746,-0.943446248233937
-7.943289006017968,-0.9960147465069535
11.543238355023448,-0.8537431571224343
0.5717503672641602,0.5411048572298458
1.6032797002168362,0.9994724616148828
7.779634490988798,0.9972375239816671
-0.33346016866067707,-0.3273145480876192
-11.222823264661942,0.9742898811896051
-6.465218865850359,-0.18102990574322106
-7.668284599648958,-0.9828077948095375
8.690021839251678,0.6704062191392752
-3.029603166218795,-0.11175554538242133
-1.8450147764886395,-0.962637131263685
4.392502255420023,-0.9492710445307024
3.4284965115492465,-0.28298400011528185
3.0837533513159148,0.057807058546446265
-3.0093676640302256,-0.13184003477866596
-1.7019798312359349,-0.9914077767353586
-4.789803313282261,0.9970050067236189
-11.340896526496586,0.9409664236125493
3.3510319031396563,-0.20791143582498584
10.549599416992919,-0.9021905958346847
-9.194511179470485,-0.2282372714048189
10.53783734239683,-0.8970548810484877
9.85893124546736,-0.4206423896564434
4.791300729498442,-0.996888083270906
7.64480900328644,0.9782030532777656
8.03836000696278,0.983050406843641
-1.8473733882246322,-0.9619957547705629
5.696498663929685,-0.5536047710868678
-4.309366065105683,0.9198796088066339
-5.827467374157131,0.4401070917498213
-6.602011356908182,-0.313451988934012
5.842351779261147,-0.426693452784508
8.569776157778005,0.7545720992896728
-2.62029267496853,-0.4980078640568411
-8.693171725338779,-0.6680656997569818
10.452327892368679,-0.8560350759554204
-1.8055774706354981,-0.9725652771630334
3.6197580685216977,-0.4601511317080764
-1.211490374253879,-0.936141093283157
3.228642829184972,-0.0869402767435757
-2.765281560641867,-0.3674921959128785
9.439013645963197,-0.014235204377192251
-3.0871977675230795,-0.054368066070383164
7.893228225357667,0.9992299513818457
-0.3730954772232735,-0.3644996929245963
-4.909884632960991,0.9805610409802917
-12.485786866734559,0.08049656094847438
5.695254178591924,-0.5546407240469631
-2.898706663710982,-0.24050490419560316
8.8046384681507,0.5811486849211979
-11.217115025640696,0.9755600564454778
-2.1939260610264704,-0.8120559879369282
12.546532429498349,-0.0198368836549883
3.469392289018458,-0.32196060757519507
-12.338356188119135,0.2260437889597341
8.112001377816714,0.9668971683405246
-3.0434139572652494,-0.0980210473243871
7.435852017200791,0.9138500110350756
-6.904418779676258,-0.5820386149654735
5.580854875587278,-0.6459983486769145
-5.293370879790535,0.8359241423958815
10.348091141465222,-0.7976044412906379
-5.124745872945757,0.9161787970509392
-6.318569086443514,-0.03537639624105649
-11.988862355020087,0.5459379896756874
-5.284421480701081,0.8408024346375557
-4.665382959328316,0.9988954204014908
-4.73313887797253,0.9997847285991198
10.496586258174577,-0.8780672770031415
11.36454723977884,-0.9326982501472635
-10.377622753793034,0.8150669791307595
12.28588323132778,-0.2768240178353636
-4.14551538952283,0.8435839684327915
8.987627251625774,0.42335983892803336
8.46809987597631,0.817281867107038
11.839967595310423,-0.6641849485873111
-10.130230935270006,0.6483787536524397
1.2096175514030332,0.9354809213571399
-4.453991988233062,0.9668008384662833
-2.180189271258703,-0.8199956291604057
6.438440591943838,0.1546323185486157
7.375083058393187,0.887502999513867
10.914537341007819,-0.9967183031412116
-12.079643708748863,0.4677354136584372
-9.539720274326248,0.11468938279104007
11.227233324095604,-0.9732868321785496
-2.598840529655007,-0.5164945621847072
1.3289808107129968,0.9709048213356638
3.430953880725019,-0.285340066622296
-11.699805108956769,0.7621097801732392
-2.6529618423255634,-0.46941736720152727
7.99625863314602,0.989895689932945
12.278164270150004,-0.28423300636731025
-2.3879080073793517,-0.6843301413716057
5.856600730512298,-0.41376387421398025
-4.458491545411091,0.9679408244281495
9.724565455060695,-0.2953171855325629
4.2017378384770865,-0.872426449988804
2.9712770382829365,0.16949340627409062
-10.29774221710606,0.7662370073987242
-3.493649607429399,0.3448293269912008
-11.73061893931082,0.7418008097751067
-3.6165652684584106,0.45731409360944986
-7.0143087286271,-0.6677063589133873
1.3498068191476396,0.9756810317220043
2.1075631941225854,0.8593664654669517
7.581575122503324,0.9631262139827191
1.9356900464525815,0.9341616925821051
6.812173083015427,0.5046597282040617
1.9110717356365523,0.9426627844817691
-1.3507205444208967,-0.9758809085694331
2.860808439330155,0.2771092368876366
-2.3941904554520033,-0.6797356794114549
-10.721305952862977,0.9626236214717439
11.49740865680316,-0.8767016424302536
9.271965550984607,0.15221836726100796
11.770757492485135,-0.7142928306390119
-6.110814404382134,0.17151859705679393
3.596465495030454,-0.43934808867500863
-8.221713879259156,-0.9331450026598941
-2.814241938963784,-0.3215355580010156
7.059982866432865,0.7009991583277829
-11.20523279055785,0.9781020461254393
-3.259060977170133,0.11719835612062139
-1.0348296081558388,-0.8597753545359416
8.94771294141347,0.4591738774420568
0.8022394473902796,0.7189145288030871
2.4362671669525806,0.6482816895872213
2.714836015016635,0.4139205105350535
-4.189724582994968,0.8664922147735625
6.892984380399465,0.5727027593007512
11.614841664241855,-0.8143039181149075
-12.256069476021366,0.30534540675536764
12.316452175270534,-0.24732493305157863
-4.03177608401862,0.7771871877711611
11.590344787821763,-0.8282771136439494
-3.547104995441293,0.39448960326024785
-10.568532420433836,0.9101949301271874
4.369432081862435,-0.9417644581090084
11.235180573739175,-0.9714314863760705
-8.54264105038044,-0.7720986530171686
6.0840400714983645,-0.19783153238021434
-4.7652077153541255,0.9986054148833222
6.939286258335155,0.6100319810069722
10.090725043316947,-0.617804131029945
0.09475758033090997,0.09461583927686748
-4.226486250915132,0.8842537286708115
7.668581387910528,0.9828625480244996
11.731553570381013,-0.7411737033227463
-12.116303300216355,0.4350261459505755
-3.411561686215407,0.2667015911067708
-10.233354393884579,0.7233048936660844
8.620471872153775,0.7203495117164033
9.3516437769185,0.07306900692648133
7.685100855891953,0.9857735021630437
-10.344004533211583,0.7951328241183347
8.073623979273538,0.9759754377626415
-8.783038304127945,-0.5985899081933598
-1.9493907282017346,-0.9291850833101669
3.1591862532461032,-0.01759269203194864
7.415657965153098,0.9054644072762555
9.421562171454998,0.0032157837718108932
1.1187190563103666,0.8995416191990481
-11.368087636815957,0.9314155359684241
-10.529111047286115,0.8931644586681008
9.11587299354941,0.30401561727790877
-5.43414436463108,0.7506470979728793
-1.7209928373241254,-0.9887416926783481
4.995489030757554,-0.9601941052338564
2.7417311238218005,0.389290799046171
-3.646308863885258,0.48355905533967747
-0.20661918882106178,-0.20515217696001425
5.46933179611883,-0.7269387799703084
-10.287673959988359,0.7597288407132945
-2.2285081219396456,-0.7913930990786819
-6.582672777448877,-0.2950305295146516
7.977730736672434,0.9923528462086806
-0.04028160069627873,-0.040270708043116735
5.877022711138732,-0.39508703865448164
-3.1541657654368986,0.012572780583553858
-7.544092265936526,-0.952367313293122
-0.08354431367092019,-0.08344716253701386
-9.280726408686686,-0.1435538700463169
7.17005585884673,0.7750982332222967
10.092699598551537,-0.6193555816716871
12.269336766406003,-0.2926852375328428
-9.20401140179964,-0.21897764183369495
4.252208083952954,-0.895972174236542
11.699567191491596,-0.7622637977470604
6.563506407911593,0.27666422991663253
1.4002890154052068,0.9854988119531929
0.0820700709192348,0.08197797149501287
-2.494222288588782,-0.603090905905085
-0.4836844211595164,-0.4650440966961828
-3.617900458619202,0.45850107723611666
7.059829508380496,0.7008897809343321
10.965487539779033,-0.9995474279448848
8.349787135798223,0.879585785539713
-9.825070327558258,0.38968761330657536
10.294435930365673,-0.7641083420380993
-2.3059734727304804,-0.7417119499742959
9.281925512051046,0.14236708346985524
-0.9743684702424229,-0.8273473288098987
-9.688285441817772,0.2604685581205196
11.018738310062616,-0.9997317260268606
-4.991415685384451,0.9613239586339495
-1.8134993014254341,-0.9706919231351895
8.544259613225588,0.7710690410721311
-5.535366928890385,0.6800408708475898
7.330158130180472,0.8659130178191908
9.231897794706228,0.1916864430126223
5.4547213690893095,-0.7368938499995138
4.866940300501241,-0.9880806985667765
1.812045896364351,0.9710401906255969
-4.829541618898788,0.9931454747425814
9.343167471000978,0.08151992858790212
1.2163773985989188,0.9378483054730136
0.8729068080607778,0.7662000922821577
9.438317866136199,-0.013539491660975247
1.8278780592467427,0.9671360918779499
-9.434933211408415,0.010155076089599492
-1.0536582692786105,-0.8692376660849371
10.431337622644733,-0.8449970559960368
5.752325787167983,-0.5062747543191976
-2.8228188153248013,-0.31340240828953053
1.6005124857322297,0.9995585074387777
-1.43231444242606,-0.9904266976519877
-0.9634242314633426,-0.8211506269905401
8.635891642205817,0.7095689725967926
-1.517708860149515,-0.9985911913572147
6.551713610665306,0.2653127700765857
-6.399263530031583,-0.11581772244342087
10.840846892461158,-0.988053578833504
-1.9224184580259642,-0.9388152519587651
4.755075746740136,-0.9990890583251196
7.476908396611382,0.9297462527580732
-9.93092491220916,0.48481090450365427
-11.443351078477214,0.9014118955836536
-6.459255805585561,-0.17516218582141135
-6.642231917873822,-0.35138179928724295
-0.38125512689713226,-0.3720857689059336
10.032181200610648,-0.5707371017072761
-10.017086403888642,0.558277718104185
-9.666229518142043,0.23911232830883755
11.020225334718752,-0.9996961783229423
-0.9816677768389859,-0.8314252043581265
-9.08506258816799,-0.33321874482810665
-8.633582106462477,-0.7111944607425983
-5.042971270219071,0.945853496194473
-5.2452717681820245,0.8613461420244186
8.10433657375691,0.9688245471721367
-8.117728515751377,-0.965419946327326
1.7078486204842438,0.9906230257599448
-4.941027348275833,0.9739759138165399
-9.573942434119656,0.14861193582189614
-1.07756932150731,-0.8808095549059104
-2.574737900211572,-0.536981397728456
-12.375866000274547,0.18935440407859597
-7.298806758074868,-0.8498082775909825
-11.082377045232073,0.9962350055360367
3.611536181213456,-0.45283593567703717
5.5532323486654285,-0.6668345801547547
5.095156006747381,-0.9276347350409841
-10.790405609881114,0.9790266333545671
9.09845476221344,0.3205624360322623
-4.857857701581263,0.9894380705133208
2.6668217256410944,0.45713472307359776
0.9727091290636416,0.8264141537815219
3.0326154981706868,0.1087615809803777
1.6159507881893838,0.9989807105136781
12.182311487537195,-0.37468697085900965
-6.549398341268312,-0.2630797652713695
-3.6317312362125787,0.4707481596532638
0.292689946783776,0.28852881247941925
0.9897968165044126,0.8359144766203683
-9.298634080749013,-0.12580960665948313
-2.226029010006128,-0.7929061655056564
-1.6311972765201155,-0.9981764171482286
9.086794304276566,0.33158549826099015
0.37057791093696935,0.36215417371848235
0.06576915544001061,0.06572175071678057
-2.4875865747315853,-0.6083707154691398
8.55283747320502,0.7655787750995213
-8.235236717271402,-0.9281983681810897
11.607513869767274,-0.8185353532629805
-7.214274977307169,-0.8022709066725199
-1.5824860400094174,-0.9999316760805216
-1.9465075406530694,-0.9302468884986517
3.2284170171984137,-0.0867153175736823
-8.184052267398434,-0.9460194528998624
1.3441466950450103,0.974424737551348
-9.320139630707732,-0.10444748391820395
-1.2091095382241424,-0.9353012803766939
0.4868071697839511,0.4678063551290779
-6.1036295683840835,0.17859247218885127
-2.56797852696333,-0.5426712545320261
3.1113637911448553,0.030224258879507842
-3.500663343518747,0.3514043429415388
-4.305164063777317,0.9182234641113108
5.8857012628423675,-0.38709976361502835
-2.0339060257584602,-0.8946676222701235
-8.494111739421417,-0.8020180527159978
-1.8490098375687882,-0.9615476108120574
-11.401112493769057,0.918890200718064
0.208570375780333,0.20706147061132815
5.534730706178035,-0.6805071952638175
-0.32727927795606426,-0.32146791397610824
-12.108931103574433,0.4416523214318678
6.753395698991341,0.45307385402169936
6.882142646442734,0.5637816215874852
6.3293544079178865,0.046152700252609716
-0.3340597040963047,-0.32788099951753685
-8.591851890150451,-0.7399029433839373
-0.48439404624598303,-0.4656722017838026
3.0376981787294746,0.1037076684765785
9.485088735108356,-0.06027421869173245
-1.2415352678176976,-0.9462815339078766
8.461503638511644,0.8210650628523553
-8.11446370355426,-0.9662659351354905
-10.298763178045736,0.7668926346081278
10.658796860247797,-0.9438244548242497
-12.480490885402721,0.08577420268578678
8.573549057114278,0.7520908933430955
5.2117373337870525,-0.877894791559548
-2.3473078337981725,-0.7133625926083839
0.9624521109240725,0.8205954386787239
-3.56047264738889,0.4067375322480904
-3.4612382481598107,0.3142301266813756
-5.332573194924616,0.8137714077288787
7.954788711626968,0.9949232679071545
4.001654268384019,-0.7578827612570675
3.861219335469954,-0.6591039633286656
7.403447769372622,0.9002147613431686
-9.549302297878594,0.124202767688247
-5.832959884418284,0.4351685043302517
-9.865771829190168,0.4268384586586537
-8.408940890901043,-0.849921908853988
11.678327567570108,-0.7758385304645049
10.194266792631993,-0.6957681746359594
8.917183244959258,0.48607663819328123
0.607294489964687,0.5706478002362125
-4.717219279807804,0.9999883341264237
8.717810162055564,0.6495312721321852
-12.063777031604612,0.4817000065825315
-12.015953370427438,0.5230428941058607
-9.487129181558661,0.06231082843074977
3.2972853517277247,-0.15506445594587853
-2.429755607543239,-0.6532258160402522
3.500350227878407,-0.35111117940826564
7.843690471953707,0.999947046459484
-9.74710691252284,0.3167764290023222
6.169958748108375,-0.11298478190374162
-7.0243162986364185,-0.6751226818263119
-5.0050201071769695,0.9574881829430602
-11.24010586614559,0.9702508371131517
12.294865652531353,-0.2681815724898009
-1.1076967402392608,-0.8946721397647377
6.491526602916377,0.20683734977440668
0.6976255273721961,0.642399776018412
-4.049695731982466,0.7883380923747481
-4.378854011948182,0.9448909531693155
-5.443408967492182,0.7444938164028407
-1.5189007799150342,-0.9986537282900996
-10.32301308293657,0.7822286245927803
-6.007068726592298,0.2726213927493495
11.783517385844625,-0.7053049525599504
10.133267242045655,-0.6506873561413723
-11.517166039088963,0.8670271709098913
12.3689051004778,-0.19618473022974223
-10.480506076866837,0.8702591241279202
-6.239346228620574,0.04382503777791469
1.1765433484781127,0.9232837668621671
6.970052620810073,0.6341179908974981
12.213441985255606,-0.3456474072951557
-1.7649236483557562,-0.9812163918383385
-6.513231933744025,-0.22802292200626498
-0.4283521656800744,-0.4153724121725198
-11.810248422410659,0.6861054974509895
10.91681542075007,-0.9969001233135232
2.4056557956422324,0.6712818512852128
7.307320376510763,0.8542648852747144
4.059647877756603,-0.7944219318360761
-6.360007703993735,-0.07674685556645365
-12.373054814350095,0.19211398045520447
-9.06368981535809,-0.35329241635127184
-5.543555865794407,0.674014219453717
-7.46867165148506,-0.9266819713912811
10.133051004821592,-0.6505231421134701
2.768287330756303,0.3646950938661909
-10.761967537989053,0.9728378059197883
11.04932109353842,-0.9985559880860749
12.016488014234,-0.522587139056684
-9.863376202721472,0.42467080408644087
-7.649498736625386,-0.9791661187347601
-11.741004482163621,0.7347961745585713
1.6149029175542005,0.9990274620050495
-4.1027111173254,0.819832517084975
2.5738837033588435,0.5377017971474907
-5.603237953904874,0.6287520864897663
-2.161858367508792,-0.8303493325316693
11.516929233343213,-0.867145137633265
8.237597655716211,0.9273173105944325
-0.43783315569439374,-0.42397801067255947
0.4275421813535427,0.41463547257891065
-2.90865115316004,-0.23084057324591048
-1.0858422512780859,-0.8846963585535715
3.561975996228867,-0.4081104490145648
8.162774057431552,0.9527012570838743
-1.042558542860494,-0.8636965893466997
-6.502453596357192,-0.21751548999921952
-8.266847282835322,-0.9159747843437642
-1.4967745259369867,-0.9972616371841195
2.9800899983750995,0.16080148841338257
10.423221393733968,-0.8406289489888294
-10.802354254977583,0.9813910133670739
3.777371923832348,-0.593804702601396
-10.784323168082818,0.9777693410946139
1.852615746321149,0.9605510410405678
8.626531757713366,0.7161331062052093
-0.16186121331887549,-0.16115537017375475
-4.248396959105149,0.8942731121010589
6.257717932123601,-0.025464622176380947
-9.986919053226888,0.5329990305107946
8.11781459591458,0.9653975016788966
-4.681686097779178,0.9995287035245707
-9.93763506831252,0.49066877589689045
2.2494345403080747,0.7784282793397996
-5.17315097879272,0.8957139496648531
-3.2932241142302114,0.15105107397703804
-3.3442135955666146,0.2012373431252446
-10.044607459150567,0.580896384498021
5.319308475694189,-0.8214088469266932
-12.128076805058653,0.4243951669686325
-0.677234533094758,-0.6266402706968781
-4.418919668351165,0.9572460532409934
-11.894809382319753,0.622208957227806
7.2821455041216225,0.8409087220241327
-7.047832353469706,-0.6922823408525325
6.770462293856568,0.468221542213257
-7.832164855573457,-0.9997620235294994
4.742756516818002,-0.9995389417989532
6.6217879571184035,0.3321694086987076
7.883828514643032,0.9995546149224172
10.691552157908731,-0.954140144262912
6.8789796358568225,0.5611663997024607
-7.5974777534145055,-0.9672828546042783
10.980963981188875,-0.9998932713723625
10.270835064493387,-0.7486723269378227
-6.507181227674789,-0.22212747904671104
2.6130200756291053,0.5043012367744375
-12.037909817529417,0.5042047075098569
5.10593559651004,-0.9235548633486267
-6.584394520509445,-0.29667519594263214
-12.064054774721713,0.48145659166341176
1.6278290257365313,0.998374076421434
-9.512505083813569,0.08761464097625672
4.246683270055691,-0.8935048864565912
11.46813328164836,-0.8904064369412432
6.781072293859079,0.4775701260657331
0.9424629707404772,0.8090082801719087
-10.412884695940512,0.8349856656591946
9.34947363783191,0.07523317122868653
6.239352958366098,-0.04381831449719373
-4.722648907999486,0.9999473674043744
-2.048818283663584,-0.8879066060581688
7.093753024699019,0.7246784979690962
-8.737481633776854,-0.6344496612359879
11.623865923944123,-0.8090328021776745
1.9914058327789466,0.9128402382863533
-5.331927838416864,0.8141463098139392
-5.714847030979536,0.5382322974403652
2.7065262505274,0.4214706193855287
8.389866837361588,0.8598169792719182
-9.88281074355924,0.442184519181363
-1.4696544305602313,-0.9948895171939045
8.630549300404102,0.7133232352311003
-2.028017718858619,-0.8972825946144851
2.030672942765399,0.8961072668111306
10.384732894669398,-0.8191657211601031
6.889911222511643,0.5701807974256872
11.725426037471482,-0.7452732576410239
-6.122085540920322,0.16040382930532082
-7.283745256885622,-0.8417733949904792
-6.386958510853214,-0.10358705044341411
-5.898103374904494,0.3756350701910123
-8.420658990397278,-0.84368932955152
-1.2478545230622142,-0.9483059188970177
11.025922726040804,-0.9995395214854355
10.657673835087774,-0.9434527591347998
9.990492749531253,-0.5360193816216497
-9.741037849119504,0.3110141223031299
9.278578366928542,0.14567933065187033
-6.962438794217603,-0.6282123807515667
5.198562004804508,-0.8841274667933564
-3.01794843687415,-0.12332941420002698
9.20242142339751,0.2205287538192657
-12.049934454423463,0.4937842202064463
9.884015000306626,-0.4432643251906681
-8.114463200621236,-0.9662660646639529
-5.896392297343505,0.3772202908735363
-0.8586353031763956,-0.7569514781293387
-3.909232499352642,0.6944389214417063
-2.304709816684351,-0.7425589151164537
-10.267405990541903,0.7463946586776347
-0.5068834211061493,-0.48545490332736857
-11.993008471904334,0.5424595844145259
-3.0417413186669346,-0.09968549317316155
-11.674760203935767,0.778084351139754
-7.9768529499266165,-0.9924608121753289
1.592939387817868,0.9997548524411423
3.774825073841903,-0.5917535600271983
10.595407587576787,-0.9209960651727654
-5.720328196124097,0.5336047285147915
2.3299846264342623,0.7253949696831459
9.576509785674652,-0.15115028589734097
-4.003573423926298,0.7591334041549336
-10.932694887739373,0.9980237418148268
5.922165273965465,-0.3532286956897109
2.9957841800287905,0.14529237176447618
10.657951376697373,-0.9435447297833149
-8.296991525411695,-0.9034655353355052
11.587474893203044,-0.8298817560356453
-4.135716585381552,0.83828162268783
9.522604917099777,-0.09767099513339268
4.242187389511734,-0.8914769723381598
-9.738193492285586,0.30830957605776677
-3.2838634398137128,0.14179132177990225
-2.371599656459905,-0.6961302111751164
10.163847459696353,-0.6736004740309215
-1.5234204031247813,-0.9988779708159206
-11.683684189522,0.77244775433626
-4.2922508139066355,0.9130325927713756
0.9206527908281164,0.795996924332837
8.290845538697543,0.9060829986200292
8.62105648826449,0.7199438923228405
11.249650535676633,-0.9678958949658052
2.7170772311059146,0.41187926446476947
7.362422839085369,0.8815981777137637
10.060074913584518,-0.5934165565054702
7.162909987445982,0.7705634294065272
4.553529247860364,-0.9874083069042627
-1.5645740355927842,-0.9999806416085563
-10.158419273656609,0.6695786211013731
-9.291440289038498,-0.1329429225121752
-11.535068913904913,0.8579684026097921
2.936517848220479,0.20364039835367284
-4.516249135615324,0.9808261685149388
-12.376164632302832,0.18906116622024563
2.916824966852216,0.22287989851411458
-5.677817516222783,0.5690645466172651
8.68335392987493,0.6753388296329672
4.644416770388158,-0.9976907786323402
9.007413943532939,0.4053521524970555
-7.545117730370111,-0.9526795312329216
-9.135765089918847,-0.28500617547730017
-12.093082595840619,0.45581532504961414
7.963818694843422,0.9939739719432156
7.795966925580874,0.9983176187511977
9.167661816931577,0.2542925570408928
7.40224942655755,0.8996923012905944
-12.442059869833367,0.1239908261509509
9.662976135938472,-0.23595206063253
10.582498506603628,-0.9158904515934156
-5.831298350515614,0.43666386339316615
-11.629695846706813,0.8055924571506621
-9.587247035916997,0.16175525685990472
0.29850751729184566,0.2940940548639348
-10.229602362119547,0.7207089224893047
1.491403950094199,0.9968500803170272
-8.768752003642188,-0.6099725557638837
-4.643720341694308,0.9976432353357163
6.45713444850395,0.173073233223372
4.4298013580592865,-0.9603371175522615
-9.140107734894059,-0.2808409644314637
8.902888790297919,0.4985187085636923
7.553520008928878,0.9551999678115796
4.7543867233437815,-0.9991182244116824
5.318415838084878,-0.8219176263792615
0.750311590242795,0.6818667140423127
-11.623062818507034,0.8095045772804654
-9.833058264310315,0.3970315699155851
-3.941552435564688,0.7173280701514448
-10.792941801263828,0.9795401882327108
7.867754700951647,0.9999051528123907
5.846858508050005,-0.422613264471863
0.1762249916773584,0.17531428847281585
11.78488115517441,-0.7043375153990918
1.0546325979482951,0.8697189561123122
4.770278990083934,-0.9983248412903296
-1.1656096342713145,-0.9190288207922471
-3.736487676357328,0.5604218146729606
5.601937548150399,-0.6297627576627006
-6.261765265819037,0.021418403414089855
2.5251418889126533,0.5781428607682936
6.848249151228011,0.5354697368754564
11.538804584433503,-0.8560433973549634
-1.3426604356446123,-0.9740896779813426
-3.9684752972098973,0.7358239606884185
-12.254411938702225,0.3069233626665247
6.309616981249256,0.026428596502148297
-9.687361131170675,0.2595760413843875
10.826657662641718,-0.9857674764230969
11.284580981199738,-0.9585274409019089
-9.566837380613688,0.14158208775976389
-11.860281506132782,0.6488629224431579
-6.896545218683936,-0.5756181661747517
9.325294155340526,0.09931978762060552
8.541030636181166,0.7731210739385498
-5.329069148824691,0.815802906995022
-0.36039406408811203,-0.35264300924221753
0.6821678801562676,0.6304772295950509
2.3359192772104596,0.7212972042725566
-12.062042084474209,0.48321967779546215
11.933927174848304,-0.5911173636042567
-8.073057437254281,-0.9760987196275083
12.25547330395311,-0.30591305233966326
3.387019593251404,-0.2429704927709521
3.6990746476911127,-0.5290511228547756
2.6457081186642686,0.4758098283938179
-10.08326805637588,0.6119233407902728
5.861129195294907,-0.4096370028357484
-9.97711767840405,0.5246804631019111
-10.574538477894817,0.9126660883404505
-10.855393665561175,0.9901907755033325
-1.3575848176353382,-0.9773564013982602
-8.647462010060032,-0.7013687612607022
9.16517193740469,0.25669979687831024
-3.201502327013486,0.05987384219770708
0.16341319910282692,0.1626868753276214
6.689761749435327,0.3954671820251564
-5.927228653454676,0.3484872090501755
12.18732518456822,-0.3700338249601452
11.453058489504542,-0.897166544469377
7.562549329681179,0.9578333221366647
12.114902547949477,-0.43628698105816216
9.679811471676533,-0.2522778357675964
2.3039771463544234,0.7430494442531362
11.69838764847994,-0.7630267459520906
6.907166397254137,0.584270670994432
8.96461968919326,0.4440899210455713
11.945675914733538,-0.5816004213450051
5.033914401228813,-0.9487544674882192
-0.5088405056206362,-0.4871649765990671
-8.098734235794618,-0.9701973032762465
-1.4838413275891877,-0.9962217955946027
2.5605922160852916,0.548860491006609
-11.399571005490893,0.9194972464856414
8.765819994146192,0.6122933209783711
5.231449130449544,-0.8682857890941473
-11.355480870127579,0.9359297281500737
-2.4823615013609928,-0.6125092870519006
-6.389627151608658,-0.10624096295080962
-4.9783835974955775,0.9648315241194719
0.7794529426802477,0.7028904035293129
-9.112086835685254,-0.30762037746821597
-4.853155618867919,0.9901087261092913
1.0428404009709862,0.8638386149365241
-11.060062193526367,0.9979213755050363
-0.48669526536413343,-0.4677074476063586
-9.749373897418398,0.31892584887302067
-0.328660523404233,-0.32277553649748203
11.013081028717838,-0.9998467609209536
12.38176946477289,-0.18355447437695466
6.135727421906093,-0.14692408280219832
-11.754184993658438,0.7257924252818142
-2.1400654235578997,-0.8422951690583913
-9.863305543275366,0.4246068316495738
11.970570928886701,-0.5611708335299469
-0.8021365104431109,-0.7188429736786359
-0.421011278144352,-0.40868363128644597
-5.961379070156678,0.3162805907041005
-1.2346077543574605,-0.9440188766648184
-4.31155560849877,0.9207361438996899
-7.654236863675878,-0.9801172522328198
-11.32372758325003,0.9466391416951947
1.9252880057021073,0.9378230551866481
-10.37460256996276,0.8133134704125218
-10.931847500070191,0.997970135374873
-11.550704584216339,0.8498317741077102
-1.9296102764700827,-0.936313980278629
-6.450315544346112,-0.16635326176248902
6.787067003845532,0.4828284274699978
1.6559915108632097,0.9963730848476368
9.356089846119502,0.06863411498235933
-1.9429126247603676,-0.9315599723599103
1.6925498123109826,0.9925971960402055
2.799015690406078,0.3359154262164753
7.582271911551199,0.9633134512462931
-4.671724417999418,0.9991733106106815
2.776639559278749,0.35690547836567027
12.445275946970785,-0.12079893058308425
3.3037314477517903,-0.16142931655900397
-5.689893736266407,0.5590931042167286
10.535594926542398,-0.8960616599699468
4.038664519945755,-0.7815033970599182
0.7506331137895224,0.682101865693237
-4.8370526951755455,0.992239537394634
-7.77819041008899,-0.9971292198066134
0.07073018001289455,0.07067122042957232
-6.748872981608689,-0.44903735360334024
11.303532432423928,-0.952954469777089
-9.77018275079938,0.3385775874904789
8.339968557401168,0.8842144063870041
6.740228409435801,0.44129663444623773
2.2848636049015987,0.7557044213868092
-9.013800513834749,-0.3995055743624671
-4.826096136071165,0.9935423036735133
-3.231508812241243,0.08979504686198597
-8.097966700460814,-0.9703830038089977
-6.6103099229821085,-0.3213214573724425
-10.40155371978546,0.8286970818700199
-2.419543246193893,-0.6609240423838803
5.1061769577121865,-0.9234622825579156
-4.040202615393245,0.7824620915320603
10.848276631742099,-0.9891713003824596
6.020731394804166,-0.2594512118101903
1.828400497820878,0.9670031250439564
-10.043487713595274,0.5799845728143672
-8.504237315422692,-0.7959290375928926
1.9509702517293945,0.9286001092124907
-8.620637298594447,-0.7202347602183499
1.7575273477346123,0.9826163628367406
-10.904788156704067,0.9958817689678366
-12.001081036474782,0.5356603677391164
6.666010763520784,0.3735428867394136
5.888365979984538,-0.38464142215032604
2.732883871055,0.3974247936001876
-8.908924454113492,-0.49327747017766593
-1.1310570154960295,-0.9048626700817876
11.09110427082922,-0.9954404802377993
-0.49216961165974205,-0.4725390986589924
-3.195465196212023,0.05384648779797557
-7.936420815342407,-0.9966038147762463
-3.469974558342816,0.3225118182335007
8.325458585460055,0.8908984249395517
7.0848325991204035,0.7185027964298636
9.558787803221929,-0.13360909675882793
-10.819573719534622,0.9845518389750811
-5.006701587887137,0.9570017686484523
-11.320299641852237,0.9477383874617917
-2.0435104663909875,-0.8903358092139705
-2.1204923652238357,-0.8526833595048445
6.321888471134262,0.0386935022083317
-4.239522619014043,0.8902664916469257
11.440036427558514,-0.9028420609033035
11.411589212312222,-0.9147066418084926
6.562042490442948,0.27525715809906903
-11.226441180147258,0.973468397149425
11.75669989068674,-0.7240600995977222
-3.40581062524077,0.2611544584436298
-5.043393878285284,0.9457162357581551
8.882205281942166,0.5163408967345119
-6.426306934217566,-0.1426335147589967
-7.159173141741637,-0.7681763264926904
-6.472572678029295,-0.18825725515325276
-7.191280955459977,-0.7883335210338327
-7.40653799994549,-0.9015560900191144
-7.056965305116674,-0.698843959697082
3.3608715269320246,-0.21752582073362187
7.68556549540984,0.9858514919686405
1.5816489847898278,0.9999411104852274
-11.923920645509968,0.5991587567310657
3.00638263747099,0.134798413289343
-12.1482850156119,0.40601168830914247
6.066645156058996,-0.2148518659572549
1.2570378451213173,0.9511802888787508
3.2292519121804304,-0.0875470372976102
-7.16099034076339,-0.7693384979963669
-12.215694399697124,0.343532946610799
9.404457572187496,0.020318990167735824
-1.9480283581842155,-0.929687772932336
-7.092871523256637,-0.7240707851937495
-4.385861702294967,0.9471619480573343
-6.539940930556128,-0.2539438713272113
-2.6586760128481544,-0.4643642532743926
-0.29682976822312845,-0.2924900885966666
-10.166985578315295,0.675916523355543
-7.008096093173493,-0.6630686633924525
9.595381105986387,-0.16977676899614333
-10.200244117822168,0.7000490317132382
-11.092438749919626,0.995312304965545
1.2948672119791667,0.9621724839734106
4.713113159463113,-0.9999997377823426
5.637347966626624,-0.60186734631469
5.797521381400628,-0.46679561515851165
-9.30494455442654,-0.1195468100069648
-0.6218933165546421,-0.5825750477693272
0.10271024600620038,0.1025297527508816
-1.0154915347019369,-0.8497397926438595
-3.494954956609556,0.34605431897142386
9.660387959753248,-0.23343617491534466
7.654025250932534,0.9800752422608477
2.7324791365807855,0.39779615945681857
-7.955715769311225,-0.9948295446086939
-5.493522397081643,0.7101159729150057
-7.700032405106924,-0.9881732034545649
12.070699971503256,-0.47562168912984476
4.950271978112788,-0.9718390148551177
-5.399543208444561,0.7730543292699853
5.545343222645151,-0.6726927901975339
2.874041706285203,0.2643703134284235
-12.159447365003444,0.39578569365882266
-11.156771043396212,0.987035911462763
3.528381698198938,-0.3772166185804761
2.0440315596869763,0.8900984322454238
-12.1774994249288,0.37914412600163094
3.706888254418846,-0.5356654537057646
-8.811597859110314,-0.575471123013292
-8.423550133915455,-0.8421337480381863
11.479417254767888,-0.8852137751818835
4.532398432248559,-0.9838453849073309
11.071354670814419,-0.9971300405866578
-3.194700785160922,0.05308317007736544
-3.3578414162411114,0.21456727326816608
6.093265631912846,-0.18878001513907497
11.878637636764118,-0.6347871160179902
-9.242642910850693,-0.18112971917877307
-2.428992269518801,-0.6538035970935682
-0.937566100447194,-0.8061202250797872
5.690889956239793,-0.558266856075461
-7.4727563727835244,-0.9282094641483574
2.940310067739926,0.19992618656695915
4.141133684953978,-0.8412229143754915
6.1453769430576415,-0.13737258834590674
11.47308672801691,-0.8881408804516807
-3.3849510160348864,0.24096338479641785
-0.2590590380338096,-0.25617110200164905
2.2655574044368922,0.7682066822681097
5.576404777970108,-0.6493888732078185
6.9385925448703745,0.609482151815156
-10.399442290855925,0.8275134743084652
-3.5941466109547147,0.4372638165462746
-9.35133311295426,-0.07337883691994329
-1.2222365035923382,-0.9398655719622308
-12.491746018419867,0.07455535327008196
-4.5777181668050915,0.9909455828175825
-11.318678943234415,0.9482542240125998
-1.487752362532218,-0.9965538311673674
3.984598799782521,-0.7466462431457387
8.091660529215165,0.971887090500364
-2.570604073915746,-0.5404640711015918
-4.647102047371416,0.9978695650777374
11.245928713341613,-0.9688246745156646
2.799832676929668,0.3351458010008119
-1.9461944494848193,-0.930361726768134
6.81004855556499,0.5028244471489921
-5.875101926252345,0.39685082566832036
-8.425377478669809,-0.8411469127018226
6.775435104021319,0.47260976511905584
-8.059473989037627,-0.9789606385328838
-9.123006640358728,-0.29721194919023125
-8.189885947922782,-0.9441126129654175
-11.422640293941813,0.9101849318652364
9.85873438024857,-0.4204637801567297
9.916385338894901,-0.47204352212725204
-7.474850321976529,-0.9289864993035825
-1.53702972713001,-0.9994299625388874
-10.34932695372499,0.7983492503446276
-8.702920359656499,-0.6607800886643701
-7.078994528888099,-0.714430056774882
-10.061805356547039,0.5948084931174811
1.091901291336674,0.8875046308038779
-2.1158193467502553,-0.8551153565926575
-0.4697749869636496,-0.4526856594281081
-1.6877142952796014,-0.9931728767650735
2.7777809843219643,0.35583899473576225
-2.7933884946127137,-0.34121029137838604
1.174437719372797,0.9224729094226326
-6.527340325979494,-0.24173649049322943
-4.603054858731681,0.9940289765877284
2.858353645103387,0.2794670601951704
11.050766808948715,-0.9984772793949511
10.101412829619449,-0.6261728345231792
8.983001698156269,0.42754586883192824
9.22363023748023,0.1997940449339777
3.7576386860542783,-0.5778125780218387
7.542515642360861,0.9518853332983999
0.8595920904111942,0.7575763643544978
-6.267103174017346,0.016081439937434563
4.303973299613876,-0.917751195958361
11.726275385521472,-0.744706678303467
-6.5143755606429306,-0.22913627157211006
-2.175142349975971,-0.8228738789330458
7.899279871358036,0.998974210267056
-12.310530685664492,0.2530580877305839
5.798580869543301,-0.465858378870097
-5.441635892032624,0.7456764027420019
12.271848399035736,-0.2902826715541477
-7.954689098046964,-0.9949332877259315
-10.425058347986445,0.8416224455888693
-3.6733054357932353,0.5070103995557711
10.322360747585456,-0.7818220588231942
10.173397840689248,-0.6806282926742805
-9.893679197752473,0.4519063899337776
10.450457454118673,-0.8550667163726252
-1.7124295719274336,-0.9899867675060158
-5.974504567058063,0.3038019958691102
4.699815956782103,-0.9999209605799714
-1.6015310007663732,-0.9995277270862334
4.610612424474056,-0.994825235533664
5.695559829207873,-0.5543863693405185
12.17898560230967,-0.3777684919385789
-1.195648680102325,-0.9304535328426896
-12.505345685613555,0.06098705923213367
3.4718107154759856,-0.32424931646679833
-2.0781012172753197,-0.8740570275600171
-4.8715601864799,0.9873589862562108
-0.47933551560068466,-0.4611896793495243
8.851543435515445,0.542352371096876
-8.628782843734903,-0.7145601166651834
-11.442218505654974,0.9019016789984209
1.208048803244342,0.9349254106566617
-11.094306128323435,0.9951299698173538
0.6327984417989256,0.5914036660685985
-0.008382048871368397,-0.00838195071967656
-11.272728174133789,0.96183808432618
5.645080333692928,-0.5956743772431462
0.1437023849274066,0.14320831064446798
-5.2878734366199245,0.8389287397973656
11.864841936719873,-0.6453861312099919
-1.9566599009078143,-0.9264737639804378
10.53003729827536,-0.8935806385069398
-5.1027530559297825,0.9247705812570862
4.395830372416373,-0.950312341823789
-5.09019221419501,0.9294772197019181
-9.869935767985154,0.43060031341648086
-4.57758625087886,0.9909278626207552
1.6242878370662162,0.998569670268418
-1.1688879712084628,-0.920316168615803
-2.176524908342362,-0.8220874898105563
-0.176269505920283,-0.17535811312854457
-1.102511104228439,-0.8923435761860073
-1.8924227050518372,-0.9487225586794509
-1.368921746555964,-0.9796924344562692
7.479445361260982,0.9306773724226872
4.227790668584493,-0.8848621481274735
9.235978248653929,0.18768007142989487
1.6584555260049516,0.9961603920140945
2.250784434418552,0.7775801965392266
-12.470082944659834,0.09613895309787929
3.0319867721805096,0.10938655574485337
-9.680601055228674,0.25304180139541743
-8.64652789041464,-0.702034294350208
-9.23572554995015,-0.18792827373651233
-9.917435890220093,0.472969401511854
2.9745926836944836,0.16622480819552665
8.784945510941554,0.597061041698135
4.74669529173131,-0.9994115962131196
7.9927421640676855,0.9903881950324385
3.4899667884553836,-0.34137006157195043
-8.322965437581786,-0.8920280491843908
-3.9841196520796505,0.7463274181882118
-2.0134722684269803,-0.9036086361236936
-2.195984385036594,-0.8108530728012743
3.9527227505274496,-0.7250659117714462
4.732744588367449,-0.9997928317653342
10.048669119821334,-0.5841976843136952
-7.057832624142042,-0.6994640676542455
-5.130660807999156,0.9137922568102842
1.3235594710483571,0.969592334864624
-0.33703012390473575,-0.3306857610074937
3.373132752672685,-0.2294767952939017
-1.179951404220665,-0.9245874999775678
10.420730532698173,-0.8392772637165876
3.8326854075139494,-0.6373795841155846
-4.162284090142952,0.8524696925800891
3.2543924996687092,-0.11256079100135324
-4.616507661250702,0.9954069067178356
-2.407922034242148,-0.6696003879290124
5.099861328697834,-0.9258670880917529
-8.360159529280658,-0.8746039929201213
-5.38691645300902,0.7810021450516447
3.47278698686587,-0.3251726868650626
-10.629877448079737,0.9338747980240748
7.694053079389128,0.9872386634113246
-0.8475900037221038,-0.7496876680068507
-7.197252395443712,-0.7919933612799095
-11.079904944404497,0.9964462769799373
7.549663172046603,0.9540513922554329
-5.824170006654624,0.4430655494508292
5.547251674597529,-0.6712794606337689
0.2379834604618427,0.23574340302286134
1.196963315161792,0.9309344239845099
-3.049591374806891,-0.09187154695389398
0.8435417655482471,0.7470024414346034
-9.650127349162922,0.2234469302543719
-8.640038094738992,-0.7066411414736079
1.3545056424071493,0.9767002163325836
0.021525930520267522,0.021524268162526016
0.47338243753166864,0.4558993629615996
-4.564730297100487,0.9891182495103249
-0.6640336687705641,-0.6162984224783299
-5.1045189711267165,0.9240971645742732
2.3201631886984444,0.7321202936581732
9.333801842412953,0.090850673970002
-4.2829954575442635,0.9092184051141462
9.383156232908835,0.04160971154158857
7.308872662811517,0.8550707930812214
3.544498160613248,-0.39209284400239636
1.3594357306375855,0.9777463797969884
-8.341666620105572,-0.8834199987577142
-3.3857210153227033,0.24171062393739484
-9.077320880787237,-0.34050795169034204
7.980570957172084,0.9919982657471188
4.3335645332990715,-0.9291000304427003
11.861774566054425,-0.647726122394418
-4.5472365105177115,0.9863933003497243
10.811004247304492,-0.9830152493761245
4.305427816286851,-0.9183278947054113
-10.607414348398128,0.92560706348555
-5.034829760720521,0.9484648034790761
-6.760309377412153,-0.45922633427594506
-8.57565505858342,-0.7507012464597488
1.5184210074698807,0.9986287264759661
4.665419913328062,-0.9988971561403148
10.8056301866505,-0.982014790622681
-5.181362215922462,0.8920328256911011
-4.511702613762319,0.9799299870001495
-7.162360286172913,-0.7702129535747954
-8.052461278765529,-0.9803674929749028
-10.080810459926386,0.6099777398027106
-10.915581154852102,0.99680225507632
8.733490578511926,0.63752954290019
1.5489147603012299,0.9997606080759169
6.324992727792075,0.041795242754184427
-9.289049305671595,-0.1353123005202697
6.937769556271402,0.6088294802963441
-11.393191515734392,0.9219862734734958
-11.944845678995476,0.5822755965190566
3.120813479332119,0.020777678971804762
-5.480380480199533,0.7193074083750204
11.577186764220222,-0.8355778870580767
0.8426158801265906,0.7463865729896956
-0.27967988078983375,-0.27604798210157694
4.7738833469691855,-0.9981098172046784
1.9296926101969145,0.9362850644671293
6.572644452576881,0.2854339126956175
3.953650795273802,-0.725704724813628
10.262606243598476,-0.7431918246303285
-4.37608798342381,0.9439817828113971
1.8124267664641192,0.9709491241622745
-6.0831338404475686,0.19871977135584032
8.874092829929804,0.5232711970507178
-8.598972952742754,-0.7350937879840341
-9.074908601958862,-0.34277508376108773
2.182199242162774,0.818843526941765
9.346434774672744,0.07826307011466663
4.601036777740511,-0.9938067467929034
-10.464052399106993,0.8620367062622808
-1.5368752551314202,-0.9994247356119159
10.906413633365808,-0.9960278213610395
-10.420255204187411,0.8390187310612839
-1.0356234895329433,-0.8601804968966266
12.486767368889275,-0.07951920209710742
-5.194827882745123,0.8858660515444492
5.346488490041224,-0.8056055206155148
9.38941482250765,0.03535576815136581
-0.8022160701384529,-0.7188982791143785
2.1180796290904187,0.8539413575039748
-4.756121305364663,0.9990438942711408
-0.04606660874415347,-0.04605031723207496
-3.4780172425713634,0.33011423232915843
-8.518058928276488,-0.7874858140405385
4.19036280655844,-0.8668106334731217
-0.7987344426613685,-0.7164737943746309
-3.5862965310406416,0.43019057806057
-0.2912780224055336,-0.2871766483855723
4.656759976441339,-0.9984531059382695
-1.1103797385795033,-0.8958674762282203
-2.331248166809102,-0.7245246544849111
7.062377322492434,0.7027047824461129
3.831983526854245,-0.6368385930361866
-7.503244669783142,-0.9391197543706029
-11.082969485989327,0.9961834697703774
1.7465035199324497,0.9846031645933396
7.329629792305717,0.865648625219619
-4.553793313120391,0.9874500455948314
2.3843539823921187,0.686917310611139
7.296368478541051,0.8485205552834528
5.577721567967021,-0.6483869489830918
11.338347323940969,-0.9418262701134434
12.01056674467836,-0.5276263390682868
-10.498395771530104,0.8789317584506842
8.623817668237958,0.7180248022871254
-12.472484043500096,0.09374870149569102
11.588376788781254,-0.8293782155900283
-10.940446647346096,0.9984808564307442
1.7549413116730648,0.9830931683906705
-9.21395548217438,-0.20926423873947558
-4.1168936938234655,0.8278707848213424
-1.9334649333038207,-0.9349534110076357
0.9748162838547785,0.8275987785680774
-2.750666974808814,-0.38104442080379225
0.33439786620626855,0.3282004489455751
-3.54976211706043,0.3969298379113679
-9.729439151217395,0.29996998552116944
8.501366586119076,0.7976636661596062
-9.071521537085943,-0.3459549795055485
12.033918198421773,-0.5076477806695298
-11.88232605655181,0.6319328102225719
-0.3418006346043221,-0.33518410726767534
-8.849422509294033,-0.5441330484637488
-1.1011754965072011,-0.8917399448635093
-3.6664106539164596,0.5010555076989042
9.665278513642306,-0.23818880264215234
-4.483342999400213,0.9738834467726349
8.283035358638475,0.9093598172138976
2.766483755858774,0.3663738570828089
0.07511403605577804,0.0750434222649781
0.9331366912668475,0.8034912149412757
-1.7705304632774883,-0.9801193621304821
9.965192155637236,-0.5144912060749789
-5.018921486277775,0.9533856315971955
7.976731504519488,0.99247568949419
12.178155352869094,-0.3785370896768846
-4.115163842294191,0.8268992403091591
0.0468363572502426,0.046819235409820754
-1.315655883993605,-0.9676278600937077
7.18137565331369,0.7822007287217165
-10.68655018511155,0.9526308223237456
11.793929025938006,-0.6978860043108891
0.5120416431043449,0.4899580610150684
-0.834859852826213,-0.7412024407924895
2.5422079555795563,0.5641345358951634
-3.919851009273053,0.702040194665967
-9.58938318492066,0.16386290405797513
9.15268022502448,0.2687525849902636
-3.1284544079451226,-0.013137867674841673
5.818996104344468,-0.4476979461389512
8.856538588042397,0.5381489393039511
-9.268769388856326,-0.1553765012828688
-1.4675096182955123,-0.9946706682918581
-8.236108707982243,-0.927873560037321
2.9181123661931743,0.22162469817678912
10.408458197101663,-0.8325417162992034
12.248116737648886,-0.3129085998392543
1.151804304353373,0.9134994897709204
4.185179576360877,-0.8642144484706671
-9.482799793357259,0.05798928266447763
-5.996756795598451,0.28252805174256557
0.8557413451378029,0.7550571931382646
-6.329934675595114,-0.04673234179191624
-9.313948858130237,-0.11060235463535391
1.4961049385188208,0.9972118948112474
6.506437545907453,0.22140231485247394
6.463461807710459,0.1793015998820764
11.783162506554792,-0.7055564835006234
9.443994270373793,-0.01921512696950792
-9.900279506577395,0.45778441067555453
1.107011892370064,0.8943659924378985
2.436722351552067,0.647935044619106
-0.06314815610455682,-0.06310619526400728
6.173862531930826,-0.10910514404345156
-5.498878653241127,0.7063345463786654
2.68687838418027,0.4392056352160775
10.473194314463687,-0.866634161650993
9.492153975070387,-0.0673250499939939
-8.212140229284465,-0.9365439160311082
4.101421150538474,-0.8190931958263143
0.6515546051874868,0.60642326993415
-3.3031476961622754,0.1608531938216816
0.4424341837796657,0.4281405328159132
2.473526905689093,0.6194687176224734
-8.26931189938841,-0.9149831108995355
-4.44769869278851,0.9651735711423632
-4.0101225879287465,0.7633801741096791
6.208522801455029,-0.07459315749414701
5.176391400802956,-0.8942684582132888
-1.4267435217765083,-0.989642324474636
-10.661412117282818,0.9446854307130101
-3.6112579520493533,0.4525878507378532
-8.448996862905243,-0.8281399627945453
-9.546038631999485,0.12096371711280161
-2.363459180833562,-0.7019512553985877
-5.61525376312076,0.6193633591641744
-9.673915943613622,0.24656864830835298
-9.817354998762431,0.3825706758336556
-11.65367778605843,0.7911535871441634
11.499349182948365,-0.8757665322398609
8.554764908711117,0.7643373532740644
-11.346775768921438,0.9389600496042723
11.49830790314271,-0.876268719468142
-1.9734062560702874,-0.9200415038167741
3.4848594387984555,-0.3365650841932591
5.892837097022852,-0.3805104547963691
1.282312893247072,0.958676438930285
-0.8676052476178047,-0.7627825469407148
-0.880232620131963,-0.770887072227717
-6.438236275179172,-0.1544304560618929
11.763528076376957,-0.7193336053917297
-7.939517919695289,-0.9963440018074418
8.31231865946734,0.8967895325603904
8.995138248134968,0.416543286504565
-4.465280412717483,0.9696237222852785
-3.224823069220971,0.08313435520388952
-12.086110663187462,0.4620097353060901
7.222121677821992,0.8069303278670261
-2.526270086019627,-0.5772219568907508
-8.588676979693103,-0.7420350162209463
0.6055982435758231,0.5692540310469033
-12.463198795891845,0.10298888175833813
-2.2471189181583426,-0.7798797847543528
4.643089757987337,-0.9975997696868719
11.102982442530365,-0.9942372874539628
-10.666611202742487,0.9463778400136631
6.550839364625581,0.2644697536338164
3.061877854872151,0.07963040159801152
-6.592925458997242,-0.3048111640001641
-8.240438804062038,-0.9262501953705972
9.664343096696154,-0.23728020397663796
9.577540159809143,-0.1521687414356338
-0.673416872971698,-0.6236605758813019
0.15930510154708877,0.1586321454914743
5.137048527710196,-0.911179055865867
6.3364702538166995,0.05325973502013044
-4.202757003820725,0.8729241092066852
9.69240486331455,-0.26444356551341835
0.7143488399625646,0.6551255911947054
11.042055893928282,-0.9989199246180677
2.153034252382332,0.8352341195165988
5.413568702510293,-0.764081657369123
3.9951861107694313,-0.7536471705981059
-3.8153926441446586,0.6239600113042107
8.675308934659387,0.6812501562682878
10.099531639826786,-0.6247049933000401
-10.660684069708118,0.9444463969257956
3.7929307139613435,-0.6062510718369808
-0.8738818538658055,-0.766826294415509
8.310007091775187,0.8978099059104304
0.6173433706942024,0.5788709393426007
7.884537529624623,0.9995332049413013
-1.7365967353734284,-0.986286570409254
-7.233440424914606,-0.8135638759894491
-1.9411203628300377,-0.9322101202303821
3.039944763239834,0.10147293811594804
-0.3852402713759986,-0.37578180903947317
-1.8545606275134663,-0.9600083459506289
-2.134025598659166,-0.8455353516834372
-10.89189542885832,0.994630159886216
2.8958266849068064,0.24329934837016698
7.835487418075328,0.9998289868636088
6.315773282511515,0.03258220769616954
-0.21372876291481546,-0.21210528762226588
-11.3717680779229,0.9300697063527135
1.079860494488333,0.8818920453983157
9.905860466002402,-0.4627390814390786
6.60656750879458,0.317775260852197
0.2897738871020632,0.2857355464971137
6.381689567759146,0.09834503857279683
7.508725822522546,0.9409889072326567
9.607807726330794,-0.18200956290515266
4.402442108826548,-0.9523497758316922
-8.78169514452336,-0.5996653134813513
0.6801814739847316,0.6289341228834247
1.3784380541507826,0.9815561240820823
11.801171134152447,-0.6926808862853983
-6.9669882966615,-0.6317455707352773
-8.153957603885425,-0.9553435902266626
8.184464335976124,0.9458858171015282
-3.4871382659725736,0.33871008930301943
9.337695310802836,0.08697262810571113
-6.361346186726179,-0.07808132144631062
-3.853471821236763,0.6532577083843417
-6.386847933752636,-0.10347706757128694
6.4460093013522055,0.16210549172756836
0.5540440905312636,0.5261306316980879
2.6284643571064503,0.49090505729633327
-6.071270656379219,0.21033210428047144
-10.639070300142357,0.9371226570113951
9.070024104739598,0.3473595586789919
9.106605166013168,0.31283158852949616
7.813674553633426,0.999187779611337
-9.98791245419945,0.5338392996881024
10.899009695727557,-0.9953412616095664
-7.368630423436658,-0.8845111572614192
-5.403171146555745,0.7707479012793768
-7.040790760996252,-0.6871838183804901
8.984563876663046,0.4261331482549649
2.543801485795555,0.5628180695629339
-0.8634193200396876,-0.7600690208092439
10.57671147158888,-0.9135520484879099
-0.376954035037409,-0.3680900731643986
9.481545380382215,-0.05673693531236097
6.619847850496221,0.3303388378318739
-10.695869630495112,0.9554237272625127
-0.8334209470220326,-0.740235762872135
7.048298464966766,0.6926186241606462
-2.8632600048071843,-0.27475284820897056
-0.5113862243839851,-0.48938659716789884
0.6875921679776251,0.63467830795372
9.806773203294743,-0.37277264104067936
8.1131484113846,0.9666038479701059
3.7014399628912074,-0.5310568237544482
4.605586487344752,-0.994302033115082
-7.816423527359682,-0.9992947772192091
2.0600103541237313,0.8827024851265938
0.6417173813355763,0.5985720642856943
-2.1400382125769113,-0.8423098359158274
-7.919292236130524,-0.9978680206100147
-12.559530151600537,0.006840409412350715
-9.350732513206225,-0.07397780426410965
10.674847815410736,-0.9490066437707387
2.309763601700279,0.7391645188570215
6.285178003868168,0.0019926953698019625
-8.753190677194999,-0.6222293514922718
-11.38212255944499,0.9262158544192527
-10.307031060653616,0.7721724865422406
0.81855662525013,0.7301603675952477
-0.1779250795692331,-0.1769877921243726
-2.1205068380703445,-0.8526757983942715
5.236791808430848,-0.865623097660984
-5.458339874857019,0.734442890498212
7.977610368526214,0.9923676964812271
-8.244281358262358,-0.9247950666125984
4.805014901266102,-0.9957132855497218
4.826018316561839,-0.9935511302447033
-1.6965166028335759,-0.9921076096391485
1.9298167079042212,0.9362414690482128
7.185156192731611,0.7845505095667411
-9.231589950044896,-0.19198856998194552
0.5587034021742472,0.5300872025878882
10.921024209476062,-0.9972224296978875
-10.451615439996678,0.855666579460685
-6.789238747951168,-0.4847291161774536
8.344512372655977,0.8820829549891609
6.577833046346029,0.2904027881717912
0.390378740144687,0.3805386880380477
10.753665069607958,-0.9708823786871974
-4.181445843506749,0.8623298997118167
-7.836332872711831,-0.9998442646553645
-10.58010694599564,0.9149277931525401
2.3089312638752464,0.7397248630154689
10.598473983418884,-0.9221863149269504
-1.41701447606758,-0.9881988556844348
-3.215951341278201,0.07429018244194112
-9.461281050699807,0.03649498389121323
10.838643965027842,-0.9877116868378806
-7.938975700861113,-0.99639017819233
-0.4602939104031325,-0.4442114469376471
-0.7074380865641174,-0.6498887765456027
10.636122316632125,-0.9360897396462754
-6.997327404579375,-0.6549693790553963
8.118740464973861,0.9651556372110814
-10.245650316030272,0.7317406907083578
1.4241114078310204,0.9892610433731224
8.75460516041975,0.6211214224224885
-10.176387678437155,0.6828156888863098
8.021192427247893,0.9860528170820594
7.420296759076727,0.9074234652965082
-10.411782723915957,0.8343787747891276
8.761829147152262,0.6154437227696077
-2.7010710947468954,-0.42641128834238695
6.625442509210718,0.33561422852819633
-7.400984809287935,-0.8991395454175216
4.9864981659121845,-0.9626667136712131
5.008544136258244,-0.9564656541789729
-4.61065248365559,0.9948293047858935
6.189291746860231,-0.09375566017134378
-7.493833717886772,-0.935844706413415
7.889707147152759,0.9993619117250646
-7.852896553707927,-0.9999994113004653
4.931059500961524,-0.9761867185817231
7.610695981916788,0.9705517250941953
9.20981206681601,0.21331410737424603
-6.946585994480859,-0.6157998181002003
7.516503813389068,0.9435927803024085
8.568166305567416,0.7556275336782968
6.454342051900305,0.17032230560077782
6.192120684519235,-0.09093881191078629
7.577981437785809,0.9621531160607386
0.2748063738040347,0.2713605811370622
-2.7505393721330265,-0.38116239361413506
5.979936823363985,-0.2986220370676932
3.384084960054965,-0.24012275758005458
-8.80303818439323,-0.5824502469902157
-10.809582455831865,0.9827533231791336
6.057639891014723,-0.22363799738408935
11.472513125162145,-0.8884043457366487
-0.924284431099224,-0.7981899046554257
2.48930364057742,0.607007064857783
-2.212022433947599,-0.8013629295547994
4.4551567421254035,-0.9670978134265733
5.239777055687398,-0.8641245409343897
10.418390404715229,-0.8380026306949176
5.911530892193408,-0.3631573927072287
10.43270202421694,-0.8457259115831518
-10.700347279325207,0.9567361173268588
9.279457364163076,0.14480965451480907
0.0053706112203695255,0.005370585402567406
6.904390770801655,0.582015839008579
0.13646492894142526,0.13604176610982505
-4.275517223842929,0.9060796764877025
-4.873172055536887,0.9871022225723112
5.940001250004006,-0.33648718134493744
-10.002363840380696,0.5460030202810239
8.638255957928614,0.7079010089673794
12.522143737800661,-0.04421245988435293
-4.723983615578466,0.9999327829703967
-3.509346387294997,0.3595202659306512
12.128529836002624,-0.42398491429560303
-0.8478501560461797,-0.7498598093133209
-11.607498918866618,0.8185439418084203
-2.174709426511342,-0.8231197993403305
5.125868058292632,-0.9157284823054662
-11.247860687850403,0.9683442251653527
-9.096146697932884,-0.32274784194757833
4.283786340111934,-0.9095473805265175
11.951604895417315,-0.5767671519058066
-9.371253019834462,-0.053499387156263144
-10.783151062782562,0.9775228985168872
4.295529612914564,-0.9143650607944617
1.7923538240415375,0.975556373766298
-6.600107317053926,-0.31164333788149245
-10.41970821902815,0.8387209895500315
-5.839279661602231,0.42946984676381816
-6.919601809282604,-0.594317304626809
1.2622719021499424,0.9527826699596167
-1.5478891016964802,-0.9997376409919895
-11.751511477672695,0.7276289776853899
-2.0693103384555727,-0.878294013466356
10.411589702163898,-0.8342723672990094
4.088843096612571,-0.8118130612729038
-3.7427849028646882,0.5656260776425088
-7.917456818184865,-0.9979861268055108
-11.925160058991539,0.5981659848720285
-11.275027326597248,0.9612064502983204
5.8823502658036055,-0.3901873304895125
-6.387304106059983,-0.10393078029037942
-11.355780950993486,0.9358240014914119
-4.936089623427686,0.9750831789049367
3.074450566130487,0.06709165207016278
-6.418490804195845,-0.13489302212217852
-7.9689551552921705,-0.9933978223070791
6.054744086383415,-0.22645951625282093
-2.6752794501953474,-0.44959618396904416
-9.451150283064981,0.02636926541292465
-9.219876117929491,-0.20347105707844856
-3.680572341079273,0.5132605932895453
-4.575985876668639,0.9907115117074079
1.8794181542599038,0.9527530887751523
-5.947934215727593,0.32900629286339317
-6.424842909367259,-0.1411843063867423
9.068885224560642,0.34842729758524416
-3.9864618705596175,0.7478843009901771
9.711396297197439,-0.28271013785108823
-8.01578973908359,-0.9869376057261935
-1.354046143974399,-0.976601501086373
4.36177561704665,-0.9391622152139273
0.3810125530061743,0.3718606012751739
8.026256227804012,0.9851973965172933
4.292000553489963,-0.912930486308364
-2.9397722774393333,-0.20045309046180612
2.7235530318535286,0.4059696709662753
-9.190322707082743,-0.23231317738857696
-4.651542732180373,0.9981494380847927
6.671998246326698,0.379090224179296
7.055322122558632,0.69766769075039
8.137008100611283,0.9602146570468756
2.4070107070638507,0.6702769721244903
-3.4081957824503313,0.2634560985718297
-10.121508035598945,0.6417132708580366
-3.603372741479509,0.4455424549506778
-8.620967985845422,-0.7200053130380288
-5.2119340211929535,0.8778005901139199
10.716568997457241,-0.9613298565060007
-0.8118885640670381,-0.7255880439130118
4.8283091596909316,-0.9932887762324658
-1.6201822987818932,-0.9987807607234371
11.275256233853188,-0.9611432856395941
-8.916980458077976,-0.4862538469357707
-4.143157052540051,0.8423152031389448
5.317045967041274,-0.8226971422229014
-2.0086441534124084,-0.9056662627552555
3.928148131326129,-0.7079246522798179
6.348582311814091,0.06535039996302551
11.774666278325483,-0.7115518290673609
5.344407698195845,-0.8068365456587147
-5.715800152231312,0.5374287658007312
-4.678307688835306,0.9994192889960798
9.094404767705171,0.324396062262493
2.5758943231606626,0.5360054873311426
11.646042610841747,-0.79580028837719
9.8514218958498,-0.4138179124485805
8.939444593922776,0.46650325483559146
0.5402102462522684,0.5143163103242777
-4.255356229231456,0.8973658554272379
-4.407355642689261,0.9538369409552607
3.1780811917500795,-0.03648044181107181
10.203785029938139,-0.7025731846605091
1.6144767077820497,0.9990461638308957
9.442524403111573,-0.017745510857295598
-1.3659287355147054,-0.979087930003982
11.937691704738828,-0.588076766773904
6.340499232246266,0.057282551934909054
8.266352397741144,0.9161732378028659
1.8889825325220464,0.9498044153751918
-0.08377564025589201,-0.08367768006708792
7.328421067784355,0.8650428426158888
-4.3096162918250585,0.9199777191387825
12.371951229961152,-0.19319689075044955
-11.250743644328015,0.9676205623455849
-11.59280239819214,0.8268975686987917
4.8215269375988825,-0.9940503622240572
-3.8912434145792147,0.6813831841628928
-11.009797641351264,0.999898849808798
2.429504657038862,0.6534158059434132
-8.94654475560099,-0.4602113175751404
11.18119956252048,-0.9828210413283481
-4.4991352890284855,0.9773474747854334
10.913826626512854,-0.9966605203007464
-2.4203219943096066,-0.6603394283281054
-4.1871453847233635,0.8652018226371478
3.8292984637210736,-0.6347661238355891
3.5745238739855942,-0.41953338667159595
-1.3438710004383019,-0.974362748052389
-12.352070730981872,0.212663378655556
5.351836053341941,-0.8024258407651136
11.530421983955861,-0.8603462699269157
-10.680201640714852,0.9506808607683332
-7.206332790526721,-0.7975044848717068
7.286320596380996,0.8431608501749802
-6.0510359475813,0.23006975453648476
-4.711542629316368,0.9999996418449559
11.191034546165483,-0.980958382926807
3.6070445467236674,-0.4488266674746664
8.74082512940635,0.631861717444
-8.873694747015591,-0.523610388389772
-3.214541167749765,0.0728838322931749
5.942244033343499,-0.33437433457611165
0.017186681065325615,0.01718583497176671
1.4271652416400418,0.9897027765114659
-1.5792368166426858,-0.9999643792770393
5.066971802712015,-0.937791414162068
-2.7706662623442284,-0.3624789765630896
-7.421074516952037,-0.9077500181942295
8.408069676559421,0.8503806366363954
7.31972619868565,0.8606480004295529
2.452125418233493,0.6361261992962501
8.750652160629983,0.6242145841255934
-9.716354730238898,0.28746279869859964
10.815937915000617,-0.9839087278071785
-9.193649615825558,-0.22907600972965875
-1.7882955828687894,-0.9764401336730101
9.703865149523292,-0.27547827134061315
-9.688999307527553,0.26115771642308194
3.421310106860048,-0.2760840944654257
6.8750402298590245,0.5579013955938056
-11.138298656147843,0.9898321550248478
-2.672010239545603,-0.4525139395073841
-11.364460679187818,0.9327294653963747
2.189108900874727,0.8148577512666414
12.283009222759532,-0.2795845648943912
-2.851181776762729,-0.2863459211596881
-0.6921824569685278,-0.6382188761752386
-11.684782078425657,0.7717500435020055
1.2420470491056523,0.9464468913180777
-9.852175960977124,0.41450426521534844
-10.681484317189778,0.9510779273395767
3.7421638734431575,-0.5651138293391295
-8.261803546508114,-0.9179868526718519
3.741222421010363,-0.5643368685700304
3.1152997777123,0.026289846537547908
-6.733489926481715,-0.4352398074940497
11.957683340974405,-0.5717909930441732
7.145038353822077,0.7590502581305382
-1.3599049480816277,-0.9778447094813171
-11.108265073499991,0.9936571101228253
10.355479505754733,-0.8020391510169438
-6.446016480867815,-0.1621125762786611
6.6141745212037115,0.32497870805064605
-5.586793928799061,0.6414534726302881
7.760582218772875,0.9956414444728543
2.4290415473483513,0.6537663095255746
10.911574581166708,-0.9964740986097158
8.572878962235723,0.7525323567817129
-10.118259311470212,0.6392182973045935
9.844357559764624,-0.4073765535297591
-5.1270479955066,0.9152537489606261
-10.957061237104778,0.9992584641361849
4.172370795241591,-0.8576993315854221
-10.893012474388017,0.9947451459475364
-10.565326802722813,0.9088625526349822
7.357015712585312,0.8790331350823585
-12.22769777768926,0.3322356093909698
-10.416927431875019,0.8372034393798687
-9.654645005418628,0.22784806736351276
-0.19765374122484047,-0.19636929626616265
1.3134559196719042,0.9670702890871096
-10.949412736327107,0.9989347447755482
-10.671718051166431,0.9480153202463112
-10.145247916837738,0.6597379148076823
2.0805484112441217,0.8728655075551844
6.765702049480101,0.4640100483753971
-4.927253535927216,0.9770052819720395
-6.043813695909856,0.2370922016995236
0.8225629864831046,0.7328919501348483
-1.48391067547489,-0.9962278157481759
3.6016812571370913,-0.44402749865263497
-12.354281035692805,0.2105031157901975
9.09039855849846,0.3281830077067162
5.7975338555524765,-0.46678458341607065
-9.306303787645597,-0.11819721442337362
-12.045672778786017,0.49748561190526125
-4.298972142173401,0.9157534882952609
-9.947884901683235,0.49957399821064413
9.508274747365967,-0.08339980113323142
6.731377063201474,0.4333365958348321
0.28231647325217324,0.27858116432122965
3.532438251243182,-0.3809703800364916
-4.085076693506629,0.8096080399888336
-0.4679343950359591,-0.4510436926367919
9.684666499227422,-0.25697283497834017
-3.41896066854237,0.2738252107362208
-6.702344341140871,-0.4069924321719951
-8.672006815549143,-0.6836637563057933
-6.791341432883643,-0.4865671867602532
11.7412867808256,-0.734604665493447
-1.2956060380471062,-0.9623735078773346
9.853423688842295,-0.41563943372662615
10.465783216974163,-0.862912672465238
-9.593108195088268,0.16753641836204278
-3.61671453199126,0.4574468293573031
2.693535692260477,0.4332151105873392
-7.931634022869668,-0.9969865679289467
-12.544305638965206,0.022063185000354122
3.1962067097530618,-0.05458691069868691
9.519335791525435,-0.09441698392056251
-10.44261396379634,0.8509734653387414
5.241643049817011,-0.8631839232137064
-1.1011865801818104,-0.8917449607056971
5.106272141284379,-0.9234257574647576
5.181378885899203,-0.8920252912274994
-2.3288863012242267,-0.72615054534504
8.577620892886834,0.7494010843644429
-2.5199944287296763,-0.5823351786906033
-10.434004252458884,0.8464200861317644
10.269837414542685,-0.7480105721822355
-10.064264840044075,0.5967837908047514
6.139111681147945,-0.1435757153294584
9.692987893002016,-0.2650057950441464
8.705100458016833,0.6591421824079303
-1.2058038606045045,-0.9341264503261877
3.767670868213539,-0.5859713249643701
4.1444079259921125,-0.8429887463234212
4.929336998067981,-0.9765589362055184
8.265642742331828,0.9164574245383486
7.231316496126073,0.8123270292268808
1.9248552668250376,0.937973176962742
4.713814731691219,-0.9999989836167782
5.014699877191067,-0.9546510221677704
-10.31538907886883,0.777456247479658
-11.157991222625121,0.9868393385113756
-11.360415661005476,0.9341803710502938
-10.557340727867544,0.9055026479134505
-8.96401950092102,-0.4446275990486692
-4.070171878981576,0.8007697447525105
11.78246857458845,-0.7060480710304898
-5.672561458420324,0.5733786849899195
-9.672688346913558,0.24537876776370104
1.4351948272340014,0.9908201959415595
-3.881335274823387,0.6740978231698614
-1.5294631858068986,-0.9991459073347781
-2.7557930795739445,-0.3763000605622699
-7.2681821744378174,-0.8332703584442159
-2.396199824994266,-0.6782605216861958
3.9349630143205907,-0.7127214459735987
-0.044723716554205595,-0.04470880856826101
9.368054899581129,0.05669264828617685
-3.246463641389239,0.10467886628307031
-3.126761624115538,-0.014830485776090214
-3.212984576482416,0.07133129320763082
11.109683603851142,-0.993496593268495
3.247416702056107,-0.10562664322226702
-4.412271428637808,0.955301743608537
-1.0977380031550048,-0.8901790479527768
-10.299501526950998,0.7673662797030409
-0.500062427562467,-0.479480323010161
-10.427117855714162,0.8427329307170426
-0.9097430286599799,-0.7893459985568572
-0.8574367312190248,-0.7561677024900553
2.2051702810872804,0.8054428949187526
8.045838373739088,0.9816518807778039
-0.19313816163267283,-0.19193964798620958
0.8057344937101334,0.7213395343586582
10.820981960557525,-0.9847974362591393
-2.563409186847027,-0.5465035712229735
6.313620624252515,0.030430618541602124
7.47992926887753,0.9308542966895228
-10.584424478295118,0.9166618919725721
-1.3677030252266444,-0.9794473457818381
-4.564343198837648,0.989061224463396
6.045729029287255,-0.23523104618141932
-5.080643378621045,0.9329571613623956
-9.585518374374661,0.16004911938947727
-6.829306746123083,-0.5193767373612201
-5.168634630767684,0.8977129150296522
-0.04122829503129921,-0.04121661623818591
-10.339857478565934,0.792611073572003
-7.665132729380879,-0.9822209790878605
-6.428731410551107,-0.14503278064909544
6.810148588968158,0.5029109123619392
-1.2125763495169544,-0.9365223968012147
-0.4012359941377319,-0.3905564705543105
-6.033676727136234,0.24692778650018263
11.593676375212084,-0.8264057697327342
-7.772073711405626,-0.9966474210843657
-7.070151770565234,-0.7082148667012317
3.087807810712036,0.053758915079094756
-5.8184022209346065,0.4482289087055413
6.215477792768354,-0.06765579425660291
7.972634944440447,0.9929689507166057
2.9880059090630215,0.15298363288150282
2.696074408585188,0.4309255959426825
6.998153455360022,0.6555933652708964
2.4703202327223206,0.6219828351063524
7.600301246117034,0.9679953191633074
-7.733954224483133,-0.9928053542302178
-3.3791234318512,0.23530345537861075
-12.299264508278217,0.26394127295865766
5.962005437630957,-0.3156863153677481
8.154160721479265,0.9552835498295298
-6.752659065931628,-0.45241704268323857
-6.989515616067365,-0.6490464344334178
-2.8098863537548677,-0.3256567877872667
3.8537726091837357,-0.6534854161022546
-0.7733422265195422,-0.6985307661607814
10.180975379288999,-0.6861602229949868
12.540766702096537,-0.025601114869497725
9.282993671371322,0.1413097234797019
-7.863550263872076,-0.9999542210102317
-3.5396357163605234,0.3876151392508578
-3.207321719877452,0.06568174818483222
-4.462019478443743,0.9688209393259608
-3.882661067514066,0.6750765167162311
8.06253335461291,0.9783317970731151
12.52831683985756,-0.03804459095307691
-2.606935745794015,-0.5095458579669753
7.579116196079443,0.9624617288422627
-6.4397283765965705,-0.15590448526854025
11.850035310117718,-0.6566251111100848
-0.01195755782170771,-0.011957272868786438
-2.758621052963978,-0.3736784480750483
4.862190501779281,-0.9888007187322722
8.57355310792207,0.7520882236139859
-6.006164601626562,0.27349115917687544
-3.7831645381634402,0.5984555050101948
1.823510673209567,0.9682373131710531
-11.463981774163209,0.8922883848166512
-2.0962300984712066,-0.8651064482157812
-9.646165554642403,0.21958356187625644
-10.330571566288437,0.7869151059374059
10.970375440556069,-0.9996825258544563
-8.400483284384105,-0.8543478441989919
-12.30828711599821,0.2552279929233613
-6.983922437667517,-0.644781300659847
-5.804037887344118,0.4610227735238973
8.43454128802556,0.8361558151195437
-9.1771891371984,-0.24506702355048646
1.348020060625899,0.9752878256518241
-1.1465899441777694,-0.9113656709603085
-7.821687888091972,-0.9994786023039983
1.1643928904069867,0.9185485119341026
7.000566436876358,0.6574135313366691
4.74839143395506,-0.9993519816685131
-1.825804372413577,-0.9676612661868844
7.916782408580293,0.9980286793793142
-0.5483064054620517,-0.5212426491449473
-4.063936630921299,0.7970194618421441
3.6050847779506263,-0.44707452040494344
-9.842597331119595,0.40576837634164453
0.038610802359167806,0.03860120961510881
7.724921557272076,0.9916833018471354
8.973038000163548,0.43653161738557206
-11.73264932316069,0.7404376651057168
-3.3046615316463743,0.1623471317756196
5.7074257189845135,-0.5444720742993385
-11.539335719772321,0.8557687306620274
-11.270256169810763,0.9625115328301512
7.865485240348537,0.9999338342498594
-9.373687503118425,-0.051068234202619134
-5.952771989261883,0.324434016956811
-8.560029959156719,-0.7609317832039926
-7.243805918527433,-0.8195473435304528
-2.5406784826757125,-0.5653967351652212
10.171201323374977,-0.6790174199623544
5.780509215091474,-0.48177231085712685
-1.9231346977998687,-0.938568323053538
1.946474195957908,0.9302591232914138
-11.097572101689632,0.9948027311406029
0.4186498801295109,0.4065273022746087
0.7486410932608791,0.6806438340281462
-1.272293781356895,-0.9557779459330281
-11.233357938355269,0.9718624207446959
-5.1228707463084255,0.9169286800017894
-8.586912843073446,-0.7432164695400844
-0.34615498585713667,-0.3392833802685295
-9.884305877460607,0.4435250460836409
0.13485686746272307,0.1344484794074355
12.272035864656619,-0.2901032729262008
6.110869481982711,-0.17146433539753578
2.505784313998385,0.5938280918162164
5.208343224618151,-0.8795150130492327
2.290524759682672,0.7519847686075605
-10.896076340909845,0.995054161577588
2.9281398863399346,0.2118355636613984
6.356756731405142,0.07350507150984985
12.199498735113654,-0.35869723497420997
2.6271590768673647,0.4920418159949693
-6.107628269572331,0.17465664026817718
10.52133946374299,-0.8896424057363874
-7.373011972940145,-0.8865467365813229
-11.616597070170133,0.8132837584178709
10.018921251663642,-0.5597990665328471
-10.346320868866004,0.7965353974996325
7.053326682341162,0.6962367264071261
7.538207297495077,0.9505561916951291
2.8305212743688504,0.30607877156514585
-9.086866716758886,-0.33151718163303334
1.1091264372791692,0.8953099042459292
-6.620263356041228,-0.3307309893707238
0.12576223347167392,0.12543098336647307
3.748408743423827,-0.5702548751955341
-0.9330054261278136,-0.8034130637014758
-8.186137883422312,-0.9453414271994659
-1.678171795275965,-0.9942407909713905
3.7281053914953297,-0.5534599379040626
5.879464919396927,-0.3928423434507595
-6.957627190879378,-0.6244614941493887
8.559956643725982,0.7609793505483688
10.602072950946912,-0.9235722255679205
-9.200332406326778,-0.22256585760484537
5.292437180266386,-0.83643623425463
7.883995713636903,0.9995496113233967
-2.0761112323470634,-0.875022077386022
2.8513588959520586,0.28617621411491784
-9.579286732828203,0.15389474181420557
-1.6267448347236737,-0.9984352904532807
-4.180997181331458,0.8621026342426132
1.767820843141207,0.9806533758072599
2.868209802957127,0.26999019726412554
1.529596852483973,0.9991514216996056
-3.528653302055872,0.3774681438017012
2.0265153674678533,0.897944804718713
11.865762641281638,-0.6446825716059815
4.617004159633694,-0.9954543160396407
-2.9850044263126794,-0.15594909078549293
0.34663953027187056,0.33973914370291397
-2.551283035414537,-0.5566182705781492
6.871336209311437,0.5548235820058656
-0.8062633361450562,-0.7217057000125835
9.172324238954655,0.2497806536361569
-12.382549252834302,0.1827878795444807
-8.822440158675512,-0.566570399991374
-3.3963838133825366,0.2520433161318759
11.920044875261212,-0.6022573076795712
-0.20836197752034913,-0.2068575842772415
8.644431819595379,0.7035254535108982
-5.578401635221816,0.6478690564376743
-3.964763431179005,0.7333053224121071
11.770621949853044,-0.7143876831748323
7.915912146135277,0.9980829186785499
-5.6579924001383635,0.5852537025487672
10.262233688467564,-0.7429425044668765
2.112285824585083,0.8569419257659341
10.881086886771591,-0.9934534728619682
5.009211881024196,-0.9562705630454083
-4.871395849754498,0.9873850202852882
4.285813248222148,-0.9103878950825107
9.007395532058847,0.40536898347285377
11.04593963294269,-0.9987319340816463
2.6970671108715596,0.430029581664055
11.547726765999741,-0.8513974749975636
-10.69034083502307,0.9537768223711326
4.637920264233461,-0.9972284863190868
-11.502946490124348,0.8740243238008996
-6.413046236997966,-0.12949624467389664
-2.2698748203181474,-0.7654355132295974
8.60478672185467,0.7311398527006525
3.095909371530267,0.045667393836596674
-3.3426906132270204,0.19974528437366906
-2.227118497216628,-0.7922418228254968
5.697580859143166,-0.552703217057726
-12.082867187152871,0.46488385739244037
-0.10683991936469361,-0.10663677651875503
-4.036546978742994,0.7801805098804185
-10.100440990165687,0.6254148109933577
3.692581730073506,-0.5235301850845395
-7.188936704035531,-0.7868890599050006
10.230030619688616,-0.7210057407251234
6.154747151631081,-0.12808531969529227
8.82608878300434,0.5635601203297395
-11.52966272137035,0.8607330256448678
0.9679362842565205,0.8237173400626927
12.288090916835653,-0.2747019344000659
-0.33075543007917396,-0.3247576047078089
3.263557434883973,-0.12166262680394192
-10.936269969440204,0.9982420142531738
-11.850211583857664,0.6564921522369052
-5.314367633007208,0.8242167687066576
-4.257521032411065,0.8983190522356258
-9.30844394926887,-0.11607178596660961
-7.562094295868705,-0.9577024806487675
-4.813373091505435,0.9949054363001997
-0.22285335786768812,-0.22101331559333065
10.263917289173751,-0.7440683779471808
5.265351463827919,-0.8509723310565392
-6.99655966843861,-0.6543890421115194
7.450397220667938,0.919659243805728
0.3097634442436217,0.30483334792226474
-3.4321604233931,0.2864962409221813
-3.384795152429735,0.2408121109096686
-6.699028539940918,-0.40396144301367437
-5.401797494085775,0.7716223830846519
-2.593425437735096,-0.5211238584994132
-0.45535944947378404,-0.43978516486267244
-0.7159048358449827,-0.6563003836487428
-0.1882204520081956,-0.18711107319604373
-9.096802661736223,-0.3221269126629192
6.457923838440177,0.1738506564382092
2.3244053144456327,0.7292240833044101
-12.325951223677707,0.23810997560581515
2.2272092763986624,0.7921864254457072
-2.3886475055771133,-0.6837907326961246
-12.199174586178763,0.3589997942308854
-8.514107834288769,-0.7899148496672443
-3.3404303892977953,0.1975301004772748
-11.1292387487744,0.9910801980148891
8.36029850632411,0.8745366031266202
8.940863945819515,0.46524734095401465
1.2425505347655346,0.946609326498141
2.5356397512393727,0.5695455820978748
11.789520687676362,-0.7010365038325602
9.213955515814188,0.20926420584448266
-12.511557907681963,0.054785263950937906
-9.670282108624024,0.2430453865942781
9.000065758854522,0.4120585694684113
10.065364183881606,-0.5976655457915961
-1.6720485541654835,-0.9948783710541992
9.896776948963023,-0.45466761381800835
-4.250590890009889,0.8952527906113594
-9.760824503199434,0.3297573551115218
4.680237845597663,-0.9994831967863492
-2.162974422448606,-0.82972690150008
5.492033659184699,-0.7111633832166402
-5.832886057942964,0.4352349727396015
7.732682660458153,0.9926522953118772
4.483528621668793,-0.9739255752565528
-3.609454818157687,0.45097922563245196
-11.951722781463967,0.5766708457735951
-11.102250007791918,0.9943155390516172
5.176747519671309,-0.8941090273059068
10.846340110373191,-0.9888852311057473
-6.353191206680592,-0.0699487323894442
9.640053434878666,-0.21361655190432682
2.9563124132319007,0.1842219847080088
-0.13736546660679494,-0.13693387628573628
-3.114072965065203,-0.027516215060233325
-10.649178030927505,0.9406023260763171
-4.961107419104525,0.9692286892881543
-11.617329287999686,0.8128574868429648
-2.5094606963598274,-0.5908660978234948
8.076955364943334,0.9752441791341747
6.818303610159891,0.5099428082033995
4.425007859972254,-0.9589894630315668
5.423379949525945,-0.757715556580747
5.1731141018762585,-0.8957303456675151